IDProducto,NombreProducto,Descripcion,Categoria,PrecioProducto
1,EDP Balance By Dadatina x 70 Ml,"EDP Balance By Dadatina x 70 Ml, Dadatina, 70ml.",Perfumeria,47900
2,Boos Intense Black EDP x 90 Ml,"Boos Intense Black EDP x 90 Ml, Boos, 90ml.",Perfumeria,52927
3,Edt David Beckham Blue x 100 ml,"Boos Intense Black EDP x 90 Ml, DAVID BECKHAM, 90ml.",Perfumeria,52675
4,Natural Spirit Tropical Paradise Body Splash Tamaño 250 ml,"Natural Spirit Tropical Paradise BS x 250 ml, Natural Spirit, 250ml.",Perfumeria,20112
5,Wellington Fragancia Shine Edp For Her 100 ml,"Wellington Polo Club Shine EDP x 100 Ml, Wellington Polo Club, 100ml.",Perfumeria,"41601,24"
6,Amarillo Edp Shakira 80 ml,"Shakira Amarillo EDP x 80 Ml, Shakira, 80ml.",Perfumeria,45045
7,David Beckham Bold Instinct Edp Tamaño 75 ml,"David Beckham Bold Instinct EDP x 75 Ml, David Beckham, 75ml.",Perfumeria,"55401,64"
8,Edp Adidas Chill Zone x 100 ml,"Adidas Vibes Chill Zone EDP x 100 Ml, Adidas, 100ml.",Perfumeria,45060
9,Edp Adidas Get Comfy x 100 ml,"Adidas Vibes Get Comfy EDP x 100 Ml, Adidas, 100ml.",Perfumeria,45060
10,EDP Antonio Banderas The Icon Mujer x 100 Ml,"Antonio Banderas The Icon EDP x 100 Ml, Banderas, 100ml.",Perfumeria,"53499,99"
11,"Pret a Porter Deo Splash Presentación 75 ml","Pret a Porter Original DS x 75 Ml, Pret a Porter, 75ml.",Perfumeria,"15045,28"
12,Pret a Porter Fragancia Original Edt 100 ml Presentación,"Pret a Porter Original EDT x 100 Ml, Pret a Porter, 100ml.",Perfumeria,"34115,08"
13,"Prêt à Porter London Eau de Parfum For Men x 100ml","Pret a Porter London EDP x 100 Ml, Pret a Porter, 100ml.",Perfumeria,"31104,18"
14,Boos Fragancia Black Extreme Edt For Women 100 ml,"Boos Black Extreme EDT x 100 Ml, Boos, 100ml.",Perfumeria,"53351,21"
15,Boos Fragancia Intense Attraction Edp For Men 90 ml,"Boos Intense Attraction EDP x 90 Ml, Boos, 90ml.",Perfumeria,"52927,79"
16,"Boos Fragancia Pink Extreme Edp 100 ml","Boos Pink Extreme EDP x 100 Ml, Boos, 100ml.",Perfumeria,"53351,21"
17,Boos Fragancia Siganture For Her Edp 100 ml,"Boos Signature EDP x 100 Ml, Boos, 100ml.",Perfumeria,"51022,38"
18,Boos Fragancia Signature Prive Edp For Men 100 ml Presentación (Ml) x 100 ml,"Boos Signature Prive EDP x 100 Ml, Boos, 100ml.",Perfumeria,"54503,92"
19,Boos Red Eau de Toilette (EDT) x 100ml,"Boos Red EDT x 100 Ml, Boos, 100ml.",Perfumeria,"39166,57"
20,EDP Boos Elixir N° 14 x 100 Ml,"Boos Elixir N° 14 EDP x 100 Ml, Boos, 100ml.",Perfumeria,"65259,96"
21,EDP Boos Elixir N° 21 x 100 Ml,"Boos Elixir N° 21 EDP x 100 Ml, Boos, 100ml.",Perfumeria,"65259,96"
22,"EDP Boos Fragancia Intense Woman Rose x 90 ml","Boos Intense Rose EDP x 90 Ml, Boos, 90ml.",Perfumeria,"52927,79"
23,EDP Boos Intense Blue x 90 Ml,"Boos Intense Blue EDP x 90 Ml, Boos, 90ml.",Perfumeria,"52927,79"
24,EDP Boos Intense Night For Men x 90 ml,"Boos Intense Night EDP x 90 Ml, Boos, 90ml.",Perfumeria,"52927,79"
25,Edp Boos Pure Extreme x 100 ml,"Boos Pure Extreme EDP x 100 Ml, Boos, 100ml.",Perfumeria,"53351,21"
26,Edp Wellington Polo Club Azul x 90 ml,"Wellington Polo Club Azul EDP x 90 Ml, Wellington Polo Club, 90ml.",Perfumeria,"49752,12"
27,Edp Wellington Polo Club For Her x 80 ml,"Wellington Polo Club For Her EDP x 80 Ml, Wellington Polo Club, 80ml.",Perfumeria,"47423,29"
28,Edp Wellington Polo Club Legend Spirit x 120 ml,"Wellington Polo Club Legend Spirit EDP x 120 Ml, Wellington Polo Club, 120ml.",Perfumeria,"54727,33"
29,Edp Wellington Polo Club Legend x 120 ml,"Wellington Polo Club Legend EDP x 120 Ml, Wellington Polo Club, 120ml.
",Perfumeria,"54727,33"
30,EDP Wellington Polo Club Negro For Men x 90 ml,"Wellington Polo Club Negro EDP x 90 Ml, Wellington Polo Club, 90ml.",Perfumeria,"49752,12"
31,Muaa Fragancia Stay Real Edt 50 ml,"Muaa Stay Real EDT x 50 Ml, Muaa, 50ml.",Perfumeria,"15560,76"
32,Muaa Fragancia Stay True Body Splash 150 ml,"Muaa Stay True Body Splash x 150 Ml, Muaa, 150ml.",Perfumeria,"10267,99"
33,Muaa Fragancia Stay True Edt 50 ml,"Muaa Stay True EDT x 50 Ml, Muaa, 50ml.
",Perfumeria,"15560,76"
34,"Muaa Fragancia Stay Wild Body Splash 150 ml","Muaa Stay Wild Body Splash x 150 Ml, Muaa, 150ml.",Perfumeria,"10267,99"
35,Natural Spirit Body Splash Love Me Again 250 ml,"Natural Spirit Body Splash Love Me Again x 250 Ml, Natural Spirit, 250ml.",Perfumeria,"20112,56"
36,Set Boos Acqua - EDT x 100ml + Desodorante x 150ml,"Set Boos Acqua (EDT 100ml + Deospray 150ml), Boos, Set.",Perfumeria,"43954,96"
37,Tascani Actitud Eau de Parfum (EDP) x 100ml,"Tascani Actitud EDP x 100 Ml, Tascani, 100ml.",Perfumeria,"40330,97"
38,Tascani Singular Eau de Parfum (EDP) x 100ml,"Tascani Singular EDP x 100 Ml, Tascani, 100ml.",Perfumeria,"40330,97"
39,Wellington Fragancia Shine Elixir Ruby Edp 100 ml Presentación (Ml) 100 ml,"WPC Shine Elixir Ruby EDP x 100 Ml, Wellington Polo Club, 100ml.",Perfumeria,"47423,29"
40,Adolfo Dominguez Adn Neroli Ecstasy Eau de Parfum 100 ml,Tascani Singular Eau de Parfum (EDP) x 100ml,Perfumeria,69900
41,Adolfo Dominguez Adn Sándalo Sacro Eau de Parfum 100 ml,"Adolfo Dominguez ADN Sándalo Sacro EDP x 100 Ml, Adolfo Dominguez, 100ml.",Perfumeria,69900
42,Adolfo Dominguez Agua Fresca Citrus Cedro Eau de Toilette (EDT) x 120ml,"Adolfo Dominguez Agua Fresca Citrus Cedro EDT x 120 Ml, Adolfo Dominguez, 120ml.",Perfumeria,78890
43,Adolfo Dominguez Agua Fresca De Rosas Blancas Edt X 120 Ml,Tascani Singular Eau de Parfum (EDP) x 100ml,Perfumeria,78890
44,Adolfo Dominguez Fragancia Agua Fresca de Azahar Edt For Women 120 ml,"Adolfo Dominguez Agua Fresca de Azahar EDT x 120 Ml, Adolfo Dominguez, 120ml.",Perfumeria,78890
45,"Adolfo Dominguez Fragancia Agua Fresca Edt For Men 120 ml",Tascani Singular Eau de Parfum (EDP) x 100ml,Perfumeria,"72890,01"
46,Amarillo Edp Shakira 50 ml,"Shakira Amarillo EDP x 50 Ml, Shakira, 50ml.",Perfumeria,"34545,01"
47,Armani Code Eau de Parfum x 125ml,"Armani Code EDP x 125 Ml, Armani, 125ml.",Perfumeria,359000
48,Bad Boy Carolina Herrera Cobalt EDP x 50ml,Tascani Singular Eau de Parfum (EDP) x 100ml,Perfumeria,182100
49,Benetton Colors Blue Eau de Toilette (EDT) x 100ml,Tascani Singular Eau de Parfum (EDP) x 100ml,Perfumeria,39500
50,Benetton Colors Rose Woman Intenso Edp Presentación 50 ml,Tascani Singular Eau de Parfum (EDP) x 100ml,Perfumeria,32400
51,Benetton Fragancia Colors Black Edt For Men 100 ml,"Benetton Colors Black EDT x 100 Ml, Benetton, 100ml.",Perfumeria,39500
52,Caro Cuore Fragancia Edt For Women 60 ml,"Caro Cuore EDT x 60 Ml, Caro Cuore, 60ml.",Perfumeria,"29619,1"
53,Carolina Herrera 212 Homme EDT For Men x 100 ml,Tascani Singular Eau de Parfum (EDP) x 100ml,Perfumeria,194400
54,Carolina Herrera 212 Vip Men Edt Presentación Fragancias x 100 ml,"CH 212 VIP Men EDT x 100 Ml, Carolina Herrera, 100ml.",Perfumeria,194400
55,"Carolina Herrera Bad Boy Dazzling Garden EDT x 100 ml","CH Bad Boy Dazzling Garden EDT x 100 Ml (Ed. Limitada), Carolina Herrera, 100ml.",Perfumeria,"211300,01"
56,Carolina Herrera Bad Boy Le Parfum Eau de Parfum x 50 ml,"CH Bad Boy Le Parfum EDP x 50 Ml, Carolina Herrera, 50ml.",Perfumeria,194500
57,Carolina Herrera Fragancia 212 Vip Black Edp For Men 100 ml,Tascani Singular Eau de Parfum (EDP) x 100ml,Perfumeria,"200249,99"
58,Carolina Herrera Fragancia Bad Boy Edt For Men x 100 ml,Tascani Singular Eau de Parfum (EDP) x 100ml,Perfumeria,"211300,01"
59,Carolina Herrera Fragancia Good Girl Edp For Women 30 ml,Tascani Singular Eau de Parfum (EDP) x 100ml,Perfumeria,164000
60,Carolina Herrera Good Girl Dazzling Garden Edp Ed. Limitada Presentación Fragancias 80 ml,Tascani Singular Eau de Parfum (EDP) x 100ml,Perfumeria,"257800,02"
61,Cher Dieciocho Elixir Parfum x 50 ml,Tascani Singular Eau de Parfum (EDP) x 100ml,Perfumeria,33690
62,Cher Fragancia Dieciocho Edp For Women 100 ml,Tascani Singular Eau de Parfum (EDP) x 100ml,Perfumeria,"41990,01"
63,Cher Fragancia Unisex Mix We Matter Edt 75 ml,"Cher Mix We Matter EDT x 75 Ml, Cher, 75ml.",Perfumeria,"35990,01"
64,Chester Colonia For Men 170 ml,"Chester Colonia For Men x 170 Ml, Chester, 170ml.",Perfumeria,"11714,09"
65,Ciel Colonia Noir For Women 250 ml,Tascani Singular Eau de Parfum (EDP) x 100ml,Perfumeria,"11895,71"
66,Ciel Fragancia Crystal Edt For Women 50 ml,Tascani Singular Eau de Parfum (EDP) x 100ml,Perfumeria,"20689,31"
67,Ciel Fragancia Magic Edp For Woman 50 ml,"Ciel Magic EDP x 50 Ml, Ciel, 50ml.",Perfumeria,"20689,31"
68,Ciel Fragancia Noir Edt For Women 50 ml,"Ciel Noir EDT x 50 Ml, Ciel, 50ml.",Perfumeria,"21010,14"
69,Ciel Fragancia Original Edt For Women 80 ml,Tascani Singular Eau de Parfum (EDP) x 100ml,Perfumeria,"19492,03"
70,Cocot In Love Body Splash x 125 ml,"Cocot In Love Body Splash x 125 Ml, Cocot, 125ml.",Perfumeria,"11500,01"
71,Colbert Fragancia Acqua Edt For Men 100 ml,"Colbert Acqua EDT x 100 Ml, Colbert, 100ml.",Perfumeria,"19165,29"
72,Colbert Fragancia Pino Edt For Men 60 ml,"Colbert Pino EDT x 60 Ml, Colbert, 60ml.",Perfumeria,"11651,64"
73,Colbert Fragancia Us For Men 60 ml,"Colbert US EDT x 60 Ml, Colbert, 60ml.",Perfumeria,"14047,29"
74,Colonia Ciel Crystal x 250 ML,"Ciel Colonia Crystal For Women x 250 Ml, Ciel, 250ml.",Perfumeria,"11532,48"
75,Colonia Kevingston Rugby For Men 100 ml,"Colonia Kevingston Rugby For Men x 100 Ml, Kevingston, 100ml.",Perfumeria,"17900,01"
76,Colonia Pibes x 90ml,"Colonia Pibes x 90 Ml, Pibes, 90ml.",Perfumeria,2647095
77,Crandal Colonia For Men x 95 ml,"Crandal Colonia For Men x 95 Ml, Crandal, 95ml.",Perfumeria,"10133,36"
78,Danielle Fragancia Girl Edt Con Vaporizador 100 ml,"Danielle Girl EDT x 100 Ml con Vaporizador, Danielle, 100ml.",Perfumeria,"15548,55"
79,Danielle Fragancia Jolie Edt Pour Babies,"Danielle Jolie EDT Pour Babies x 100 Ml, Danielle, 100ml.",Perfumeria,"9255,97"
80,"Davidoff Cool Water Eau de Toilette (EDT) x 125ml","Davidoff Cool Water EDT x 125 Ml, Davidoff, 125ml.",Perfumeria,"184337,81"
81,Davidoff Cool Water Edt x 75 ml,"Davidoff Cool Water EDT x 75 Ml, Davidoff, 75ml.",Perfumeria,130680
82,Dolce & Gabbana Fragancia Light Blue Edt For Men 125 ml,"Dolce & Gabbana Light Blue Pour Homme EDT x 125 Ml, Dolce & Gabbana, 125ml.",Perfumeria,"192000,01"
83,EDP Adolfo Dominguez Iris Vainilla x 60ml,"Adolfo Dominguez Iris Vainilla EDP x 60 Ml, Adolfo Dominguez, 60ml.",Perfumeria,"70750,69"
84,EDP Adolfo Dominguez Vetiver Terra x 120 ml,"Adolfo Dominguez Vetiver Terra EDP x 120 Ml, Adolfo Dominguez, 120ml.",Perfumeria,82010
85,"EDP Armani Because Its You For Woman X 100 ml","Emporio Armani Because It's You EDP x 100 Ml, Giorgio Armani, 100ml.",Perfumeria,"299000,01"
86,EDP Armani Code x 75 Ml,"Giorgio Armani Code For Men EDP x 75 Ml, Giorgio Armani, 75ml.",Perfumeria,"264999,99"
87,EDP Armani Si Passione For Women x 50 ml,"Giorgio Armani Sì Passione EDP x 50 Ml, Giorgio Armani, 50ml.",Perfumeria,"249999,99"
88,EDP Benetton Black Intenso x 100 Ml,"Benetton United Dreams Black Intenso EDP x 100 Ml, Benetton, 100ml.",Perfumeria,40900
89,EDP Bensimon Blue Night Extreme x 100 ml,"Bensimon Blue Night Extreme EDP x 100 Ml, Bensimon, 100ml.",Perfumeria,"45990,02"
90,EDP Calvin Klein Eternity For Woman X 100 ml,"Calvin Klein Eternity For Women EDP x 100 Ml, Calvin Klein, 100ml.",Perfumeria,"233309,98"
91,EDP Carolina Herrera 212 Heroes For Her x 80 ml,"Carolina Herrera 212 Heroes For Her EDP x 80 Ml, Carolina Herrera, 80ml.",Perfumeria,243600
92,EDP Carolina Herrera 212 Vip Rosé NYC x 80 Ml,"Carolina Herrera 212 VIP Rosé EDP x 80 Ml, Carolina Herrera, 80ml",Perfumeria,274300
93,EDP Carolina Herrera CH Men Pasion x 100 Ml,"Carolina Herrera CH Men Pasión EDP x 100 Ml, Carolina Herrera, 100ml.",Perfumeria,"199650,01"
94,EDP Cher Beauty Zarci x 100 ml,"Cher Beauty Zarci EDP x 100 Ml, Maria Cher, 100ml.",Perfumeria,"59823,58"
95,EDP Cher Beauty Box 8,"Cher Beauty Box 8 EDP x 100 Ml, Maria Cher, 100ml.",Perfumeria,"35459,99"
96,EDP Givenchy Ange Ou Demon x 50ml,"Givenchy Ange ou Démon EDP x 50 Ml, Givenchy, 50ml.",Perfumeria,244500
97,EDP Givenchy Irresistible x 80ml,"Givenchy Irresistible EDP x 80 Ml, Givenchy, 80ml.",Perfumeria,"293300,01"
98,EDP Givenchy Linterdit Absolu x 35 Ml,"Givenchy L’Interdit Absolu EDP Intense x 35 Ml, Givenchy, 35ml.",Perfumeria,"206800,01"
99,EDP Kevingston Nomade x 50 Ml,"Kevingston Nómade EDP x 50 Ml, Kevingston, 50ml.",Perfumeria,"27500,01"
100,"EDP Lancome La Vie Est Belle For Women 75 ml Recargable","Lancôme La Vie Est Belle EDP x 75 Ml Recargable, Lancôme, 75ml.",Perfumeria,"329999,99"
101,EDP Paco Rabanne Fame Refillable x 80ml,"Paco Rabanne Fame EDP x 80 Ml Recargable, Rabanne, 80ml.",Perfumeria,"274894,61"
102,EDP Paco Rabanne Lady Million Fabulous x 50ml,"Paco Rabanne Lady Million Fabulous EDP Intense x 50 Ml, Rabanne, 50ml.",Perfumeria,"164200,01"
103,EDP Paloma Herrera For Women X 100 ml,"Paloma Herrera For Women EDP x 100 Ml, Paloma Herrera, 100ml.",Perfumeria,"38945,6"
104,EDP Paloma Herrera Fragnacia Fantasy For Woman x 100 ml,"Paloma Herrera Fantasy EDP x 100 Ml, Paloma Herrera, 100ml.",Perfumeria,"38350,94"
105,EDP Rabanne Million Gold For Her x 30 Ml,"Rabanne Million Gold For Her EDP x 30 Ml, Rabanne, 30ml.",Perfumeria,"170300,01"
106,EDP Prune II For Women x 50 ml,"Prune II For Women EDP x 50 Ml, Prune, 50ml.",Perfumeria,"27032,41"
107,EDP Versace Eros Pour Femme x 100 ml,"Versace Eros Pour Femme EDP x 100 Ml, Versace, 100ml.",Perfumeria,"283000,01"
108,EDP Yves Saint Laurent Black Opium For Women x 90 ml,"Yves Saint Laurent Black Opium For Women EDP x 90 Ml, YSL, 90ml.",Perfumeria,"345000,01"
109,EDPGivenchy Ange Demon Secret For Women x 100 ml,"Givenchy Ange ou Démon Le Secret EDP x 100 Ml, Givenchy, 100ml.",Perfumeria,319000
110,"EDT Adolfo Domínguez Agua Fresca Bergamota Ámbar x 120 ml","Adolfo Domínguez Agua Fresca Bergamota Ámbar EDT x 120 Ml, Adolfo Domínguez, 120ml.",Perfumeria,78890
111,"EDT Armani Fragancia Code For Men x 50 ml","Giorgio Armani Code For Men EDT x 50 Ml, Armani, 50ml.",Perfumeria,130500
112,EDT Calvin Klein Ck One X 200 ml,"Calvin Klein CK One EDT x 200 Ml, Calvin Klein, 200ml.",Perfumeria,"225000,01"
113,EDT Chester Ice For Men x 60 ml,"Chester Ice For Men EDT x 60 Ml, Chester, 60ml.",Perfumeria,"10780,5"
114,EDT Colbert Fragancia Acqua For Men x 60 ml,"Colbert Acqua For Men EDT x 60 Ml, Colbert, 60ml.",Perfumeria,"15136,23"
115,EDT Colbert Noir For Men x 90 ml,"Colbert Noir For Men EDT x 90 Ml, Colbert, 90ml.",Perfumeria,"16878,54"
116,EDT Dolce & Gabbana Light Blue x 100 ml,"Dolce & Gabbana Light Blue Pour Femme EDT x 100 Ml, D&G, 100ml.",Perfumeria,221000
117,"Coqueterías Flowers EDT x 40 Ml, Coqueterías, 40ml.","Coqueterías Flowers EDT x 40 Ml, Coqueterías, 40ml.",Perfumeria,"8384,69"
118,EDT Fragancia Paco Niños x 60ml,"Paco Niños EDT x 60 Ml, Paco, 60ml.",Perfumeria,"8493,72"
119,EDT Hallowen For Women x 100 ml,"Halloween For Women EDT x 100 Ml, Halloween, 100ml.",Perfumeria,"146000,02"
120,"EDT Hugo Boss Bottled For Men x 100 ml","Hugo Boss Bottled For Men EDT x 100 Ml, Hugo Boss, 100ml.",Perfumeria,"209999,98"
121,EDT Paco Rabanne Phantom For Men X 100 ml,"Paco Rabanne Phantom For Men EDT x 100 Ml, Rabanne, 100ml.",Perfumeria,212100
122,"EDT Paula Cahen D'anvers Amor For Women x 60 ml","Paula Cahen D'anvers Amor For Women EDT x 60 Ml, Paula, 60ml.",Perfumeria,"32750,8"
123,EDT Prune Moi For Women x 60 ml,"Prune Moi For Women EDT x 60 Ml, Prune, 60ml.",Perfumeria,"30643,58"
124,EDT Shakira Florale For Women x 80 ml,"Shakira Florale For Women EDT x 80 Ml, Shakira, 80ml.",Perfumeria,37700
125,EDT Tommy Hilfiger Tommy Men x 50 ml,"Tommy Hilfiger Tommy Men EDT x 50 Ml, Tommy Hilfiger, 50ml.",Perfumeria,"115389,99"
126,"EDT Tommy Hilgifer Impact Spark x 100 Ml","Tommy Hilfiger Impact Spark EDT x 100 Ml, Tommy Hilfiger, 100ml.",Perfumeria,157000
127,EDT YVS Libre x 90 Ml,"Yves Saint Laurent Libre For Women EDT x 90 Ml, YSL, 90ml.",Perfumeria,270000
128,Elizabeth Arden Fragancia Green Tea Edt For Women | 30 Ml,"Elizabeth Arden Green Tea EDT x 30 Ml, Elizabeth Arden, 30ml.",Perfumeria,43690
129,Elizabeth Arden Fragancia White Tea Edt For Women 100 ml,"Elizabeth Arden White Tea EDT x 100 Ml, Elizabeth Arden, 100ml.",Perfumeria,"160689,99"
130,Estuche Chester Ice EDT x 60 Ml + Desodorante x 150 Ml,"Estuche Chester Ice EDT x 60 Ml + Desodorante x 150 Ml, Chester, Set.",Perfumeria,"29624,42"
131,Flower By Kenzo Edp Refillable 100 ml,"Kenzo Flower For Women EDP x 100 Ml Refillable, Kenzo, 100ml.",Perfumeria,"245800,01"
132,Fragancia Alliance Edt For Men 80 ml,"Alliance For Men EDT x 80 Ml, Alliance, 80ml.",Perfumeria,"29721,59"
133,Fragancia Cheeky Cute Baby Para Bebes x 100 ml,"Fragancia Cheeky Cute Baby Para Bebes x 100 ml, Cheeky, 100ml.",Perfumeria,17900
134,Fragancia Ciel Clasico x 250 ml,"Fragancia Ciel Clasico x 250 ml, Ciel, 250ml.",Perfumeria,11895
135,Fragancia Ciel Magic x 250 ml,"Fragancia Ciel Magic x 250 ml, Ciel, 250ml.",Perfumeria,11904
136,Fragancia Coqueterias For Women,"Fragancia Coqueterias For Women, Coqueterias, 40ml.",Perfumeria,9255
137,Fragancia Danielle Edt Pour Babies,"Fragancia Danielle Edt Pour Babies, Danielle, 50ml.",Perfumeria,9255
138,Givenchy Fragancia Linterdit Rouge Edp For Women 35 ml,"Givenchy Fragancia Linterdit Rouge Edp For Women 35 ml, Givenchy, 35ml.",Perfumeria,180000
139,Givenchy Gentleman Eau de Toilette (EDT) for Men x 100 ml,"Givenchy Gentleman Eau de Toilette (EDT) for Men x 100 ml, Givenchy, 100ml.",Perfumeria,211000
140,Givenchy L´Interdit Parfum 50 ml,"Givenchy L´Interdit Parfum 50 ml, Givenchy, 50ml.",Perfumeria,222200
141,Givenchy L´Interdit Parfum 80 ml,"Givenchy L´Interdit Parfum 80 ml, Givenchy, 80ml.",Perfumeria,305000
142,Kenzo Homme Eau de Parfum x 110 ml,"Kenzo Homme Eau de Parfum x 110 ml, Kenzo, 110ml.",Perfumeria,245100
143,Kevin Black Eau de Toilette (EDT) x 100ml,"Kevin Black Eau de Toilette (EDT) x 100ml, Kevin, 100ml.",Perfumeria,23572
144,Kevin Black Eau de Toilette (EDT) x 60ml,"Kevin Black Eau de Toilette (EDT) x 60ml, Kevin, 60ml.",Perfumeria,18652
145,Kevin Fragancia Absolute Edt For Men x 100 ml,"Kevin Fragancia Absolute Edt For Men x 100 ml, Kevin, 100ml.",Perfumeria,32283
146,Kevin Fragancia Absolute Edt For Men x 60 ml,"Kevin Fragancia Absolute Edt For Men x 60 ml, Kevin, 60ml.",Perfumeria,27159
147,Kevin Fragancia Platinum Edt For Men x 50 ml,"Kevin Fragancia Platinum Edt For Men x 50 ml, Kevin, 50ml.",Perfumeria,25417
148,Kevin Ice For Men Eau de Toilette (EDT) x 100ml,"Kevin Ice For Men Eau de Toilette (EDT) x 100ml, Kevin, 100ml.",Perfumeria,19074
149,Kevin Spirit For Men Eau de Toilette (EDT) x 100ml,"Kevin Spirit For Men Eau de Toilette (EDT) x 100ml, Kevin, 100ml.",Perfumeria,22752
150,Kevin Spirit For Men Eau de Toilette (EDT) x 60ml,"Kevin Spirit For Men Eau de Toilette (EDT) x 60ml, Kevin, 60ml.",Perfumeria,18037
151,Kevingston 1989 Blue Eau de Toilette (EDT) x 100ml,"Kevingston 1989 Blue Eau de Toilette (EDT) x 100ml, Kevingston, 100ml.",Perfumeria,34900
152,Kevingston 1989 Desodorante Hombre 160 ml,"Kevingston 1989 Desodorante Hombre 160 ml, Kevingston, 160ml.",Perfumeria,3899
153,Kevingston 1989 Grey Eau de Toilette (EDT) x 100ml,"Kevingston 1989 Grey Eau de Toilette (EDT) x 100ml, Kevingston, 100ml.",Perfumeria,34900
154,Lattafa Asad EDP x 100 ml,"Lattafa Asad EDP x 100 ml, Lattafa, 100ml.",Perfumeria,89990
155,Lattafa Asad Zanzibar EDP x 100 ml,"Lattafa Asad Zanzibar EDP x 100 ml, Lattafa, 100ml.",Perfumeria,89990
156,Lattafa Khamrah Qahwa EDP x 100 ml,"Lattafa Khamrah Qahwa EDP x 100 ml, Lattafa, 100ml.",Perfumeria,115990
157,Mujercitas Sophie 50 ml,"Mujercitas Sophie 50 ml, Mujercitas, 50ml.",Perfumeria,15898
158,Mujercitas Edt 40 ml,"Mujercitas Edt 40 ml, Mujercitas, 40ml.",Perfumeria,8234
159,Mujercitas Fragancia Funny Edt 40 ml,"Mujercitas Fragancia Funny Edt 40 ml, Mujercitas, 40ml.",Perfumeria,9691
160,Mujercitas Fragancia Sunny Edt 40 ml,"Mujercitas Fragancia Sunny Edt 40 ml, Mujercitas, 40ml.",Perfumeria,9691
161,Paco Rabanne 1 Million Elixir Parfum Intense x 50ml,"Paco Rabanne 1 Million Elixir Parfum Intense x 50ml, Paco Rabanne, 50ml.",Perfumeria,213600
162,Paco Rabanne Black XS EDT for Men x 100ml,"Paco Rabanne Black XS EDT for Men x 100ml, Paco Rabanne, 100ml.",Perfumeria,178500
163,Paco Rabanne Fragancia 1 million Edt For Men x 50 ml,"Paco Rabanne Fragancia 1 million Edt For Men x 50 ml, Paco Rabanne, 50ml.",Perfumeria,178000
164,Paco Rabanne Fragancia Lady Million Edp For Women,"Paco Rabanne Fragancia Lady Million Edp For Women, Paco Rabanne, 30ml.",Perfumeria,154399
165,Paco Rabanne Fragancia Pure Xs Edp For Woman 80,"Paco Rabanne Fragancia Pure Xs Edp For Woman 80, Paco Rabanne, 80ml.",Perfumeria,197500
166,Paco Rabanne Invictus Eau de Toilette (EDT) for Men X,"Paco Rabanne Invictus Eau de Toilette (EDT) for Men X, Paco Rabanne, 100ml.",Perfumeria,209999
167,Paco Rabanne One Million Eau de Toilette (EDT) for Men,"Paco Rabanne One Million Eau de Toilette (EDT) for Men, Paco Rabanne, 100ml.",Perfumeria,209999
168,Paco Rabanne Phantom Intense Eau de Parfum x 100,"Paco Rabanne Phantom Intense Eau de Parfum x 100, Paco Rabanne, 100ml.",Perfumeria,229100
169,Body Splash Spiderman Infantil x 125 ml,"Body Splash Spiderman Infantil x 125 ml, Marvel, 125ml.",Perfumeria,6678
170,Disney Perfume Blancanieves Vestido 45 ml,"Disney Perfume Blancanieves Vestido 45 ml, Disney, 45ml.",Perfumeria,18690
171,Disney Perfume Infantil Blancanieves x 50 ml,"Disney Perfume Infantil Blancanieves x 50 ml, Disney, 50ml.",Perfumeria,7138
172,Disney Perfume Infantil Princesa Bella Con Lamina,"Disney Perfume Infantil Princesa Bella Con Lamina, Disney, 100ml.",Perfumeria,10708
173,Disney Perfume Manzana Blancanieves Princesa 25 ml,"Disney Perfume Manzana Blancanieves Princesa 25 ml, Disney, 25ml.",Perfumeria,13497
174,Elvive Óleo Extraordinario,Elvive Óleo Tratamiento Sérum 100ml,Cuidado Personal,"22140,24"
175,Colgate Gel Max White,Colgate Max White Crystal Mint 100 ml,Cuidado Personal,"6276,66"
176,Bucal Tac Mafalda,Bucaltac Mafalda Crema Dental 90 gr,Cuidado Personal,9490
177,Colgate Total 12,Colgate Total 12 Encías Sanas 90 gr,Cuidado Personal,"5957,75"
178,Kotex Nocturna,Kotex Nocturna Cuidado Puro x 8 unid,Cuidado Personal,"4290,94"
179,Nonisec Juvenil,Nonisec Pañales Juvenil Ultra x 8 unid,Cuidado Personal,"8440,61"
180,Siempre Libre Normal,Siempre Libre Normal Suave x 8 unid,Cuidado Personal,"3693,33"
181,Tio Nacho Herbolaria,Tio Nacho Acond. Herbolaria 415 ml,Cuidado Personal,"10516,19"
182,Colgate Smiles Minions,Colgate Cepillo Minions 6+ x 2 unid,Cuidado Personal,"5879,2"
183,Colgate Max White Carbon,Colgate Cepillo Max White Carbon,Cuidado Personal,"6921,04"
184,Colgate Luminous White,Colgate Crema Luminous Glow 70 gr,Cuidado Personal,"6452,04"
185,Rexona All Body Ocean,Rexona Crema All Body Ocean 75 ml,Cuidado Personal,"7900,07"
186,Rexona All Body Wild Rose,Rexona Crema All Body Wild Rose 75 ml,Cuidado Personal,"7900,07"
187,Colgate Luminous Carbón,Colgate Enjuague Luminous White 500 ml,Cuidado Personal,"10025,84"
188,Colgate Plax Odor Control,Colgate Enjuague Plax Odor 250ml,Cuidado Personal,"6074,58"
189,Eva Copa Tamaño 3,Copa Mestrual Eva D48 Tamaño 3,Cuidado Personal,19850
190,Eva Copa Tamaño 2,Copa Mestrual Eva D4a Tamaño 2,Cuidado Personal,19850
191,Evatest Classic,Evatest Test de Embarazo Classic 1 U,Cuidado Personal,"6943,28"
192,Gum Flosser Menta,G.U.M. Hilo Dental c/ Mango x 20 unid,Cuidado Personal,"3872,87"
193,Ladysoft Active,Ladysoft Toallas Active x 8 unid,Cuidado Personal,"2926,5"
194,Nosotras Buenas Noches,Nosotras Buenas Noches Max x 16 unid,Cuidado Personal,"6796,99"
195,Nosotras Multiestilo,Nosotras Protectores Multiestilo x 20,Cuidado Personal,"3300,59"
196,Nosotras Respirables,Nosotras Protectores Respirables x 15,Cuidado Personal,"2227,25"
197,Tio Nacho 2 en 1,Tio Nacho Shampoo+Acond Caspa 415 ml,Cuidado Personal,"10516,19"
198,Pantene Detox,Pantene Acondicionador Detox 400 ml,Cuidado Personal,"13856,41"
199,Capilatis Ortiga,Capilatis Acond. Ortiga Conc. 420 ml,Cuidado Personal,"11295,25"
200,Capilatis Aloe Vera,Capilatis Bálsamo Aloe Vera 420 ml,Cuidado Personal,"11076,78"
201,Dove Men All Body,Dove Men Aerosol All Body 150 ml,Cuidado Personal,"7684,61"
202,H&S Anti Comezon,H&S Shampoo Anti Comezon 375 ml,Cuidado Personal,"13856,41"
203,Valcatil Shampoo,VALCATIL Shampoo Anti Caída 150 ml,Cuidado Personal,"25159,21"
204,Tresemme Blind Antifrizz,Tresemme Spray Peinar Antifrizz 190ml,Cuidado Personal,"14941,84"
205,Kotex Tampón Super,Kotex Tampón Digital Super x 12 unid,Cuidado Personal,"4748,86"
206,Kotex Tampón Medio,Kotex Tampón Digital Medio x 12 unid,Cuidado Personal,"4748,86"
207,Always Triple Protecc.,Always Triple Protección Noche x 16,Cuidado Personal,"8909,54"
208,Nosotras Clásica,Nosotras Clásica C/Alas x 8 unid,Cuidado Personal,"1824,12"
209,Siempre Libre Noche,Siempre Libre Adapt Noche y Día x 8,Cuidado Personal,"4601,26"
210,Valcatil Acond.,Valcatil Acondicionador Max x 300 ml,Cuidado Personal,"45441,83"
211,Valcatil Complex,Valcatil Complex Shampoo 150 ml,Cuidado Personal,"28856,16"
212,Valcatil Sh. 300ml,Valcatil Shampoo Anti Caída 300 ml,Cuidado Personal,"45091,59"
213,Elvive Hialuronico Pure,Elvive Acond. Hialuronico Pure 400 ml,Cuidado Personal,"12685,74"
214,Elvive Hidra Hialuron.,Elvive Acond. Hidra Hialuronico 400 ml,Cuidado Personal,"12390,7"
215,Elvive Rizos,Elvive Acond. Rizos Definidos 400 ml,Cuidado Personal,"12390,7"
216,Elvive Reparación,Elvive Acond. Reparación Total 400 ml,Cuidado Personal,"12390,7"
217,Fructis Aloe Bomb,Fructis Acond. Aloe Hidra Bomb 200 ml,Cuidado Personal,"5504,75"
218,Fructis Goodbye Daños,Fructis Acond. Goodbye Daños 200 ml,Cuidado Personal,"5376,74"
219,Dove All Body Lavender,Dove Crema Lavender & Camomile 75g,Cuidado Personal,"9392,69"
220,Dove All Body Rasp.,Dove Crema Raspberry & Rose 75g,Cuidado Personal,"9392,69"
221,Fructis Shampoo Rizos,Fructis Shampoo Rizos Poderoso 200 ml,Cuidado Personal,"5504,75"
222,Fructis Shampoo Liss,Fructis Shampoo Hydra Liss 200 ml,Cuidado Personal,"5376,74"
223,Elvive Color-Vive,Elvive Shampoo Color-Vive 400 ml,Cuidado Personal,"12390,7"
224,Elvive Glycolic Gloss,Elvive Shampoo Glycolic Gloss 400 ml,Cuidado Personal,"13955,6"
225,Elvive Hialu. Shampoo,Elvive Shampoo Hialuronico Pure 400ml,Cuidado Personal,"12685,74"
226,Elvive Rizos Shampoo,Elvive Shampoo Rizos Definidos 400ml,Cuidado Personal,"12390,7"
227,Tresemme Cauterizac.,Tresemme Acond. Cauterización 500 ml,Cuidado Personal,"10107,79"
228,Tresemme Matizador,Tresemme Acond. Matizador UV 500 ml,Cuidado Personal,"10107,79"
229,Tresemme Ondas Boho,Tresemme Acond. Ondas Boho 500 ml,Cuidado Personal,"10107,79"
230,Comodin Inc. Extrema,Comodin Apositos Inc. Extrema x 20,Cuidado Personal,"9800,5"
231,Comodin Inc. Fuerte,Comodin Apositos Inc. Fuerte x 10,Cuidado Personal,"3183,94"
232,Excellence Kit 7,Excellence Kit Coloracion 7 Rubio,Cuidado Personal,"24549,31"
233,Excellence Kit 4,Excellence Kit Coloracion 4 Castaño,Cuidado Personal,23978
234,Cor Intensa 11.1,Cor Intensa 11.1 Rubio Ultra Claro,Cuidado Personal,"10175,32"
235,Cor Intensa 3.0,Cor Intensa 3.0 Castaño Oscuro,Cuidado Personal,"10175,32"
236,Cor Intensa 6.0,Cor Intensa 6.0 Rubio Oscuro,Cuidado Personal,"10175,32"
237,Cor Intensa 7.0,Cor Intensa 7.0 Rubio Medio,Cuidado Personal,"10175,32"
238,Cor Intensa 6.6,Cor Intensa 6.6 Rojo Cobrizo,Cuidado Personal,"10175,32"
239,Sedal Carbon,Sedal Acond. Carbon y Peonias 190 ml,Cuidado Personal,"3239,55"
240,Sedal Colageno,Sedal Acond. Colageno y Vit C 340 ml,Cuidado Personal,"6692,11"
241,Sedal Hialuronico,Sedal Acond. Hialuronico 190 ml,Cuidado Personal,"4071,38"
242,Gillette Mach3,Gillette Cartuchos Mach3 2 Unidades,Cuidado Personal,"11728,71"
243,Elmex Ultra Soft,Elmex Cepillo Ultra Soft x 2 unid,Cuidado Personal,"12763,04"
244,Close Up Blancos,Close Up Pasta Dientes Blancos 90 gr,Cuidado Personal,"3694,55"
245,Close Up Hortela,Close Up Pasta Triple Hortela 70 gr,Cuidado Personal,"3358,69"
246,Colgate Orthogard,Colgate Crema Dental Orthogard 90 gr,Cuidado Personal,"7253,95"
247,Odol Doble Accion,Odol Crema Dental Doble Accion 180 gr,Cuidado Personal,"5974,37"
248,Sensodyne Repara,Sensodyne Repara y Protege 100 gr,Cuidado Personal,"11448,34"
249,Sedal Ceramidas,Sedal Crema Para Peinar Ceramidas 300,Cuidado Personal,"7006,6"
250,Sedal Liso Perf.,Sedal Crema Peinar Liso Perfecto 300,Cuidado Personal,"7006,6"
251,Dove Pera y Aloe,Dove Antitransp. Pera y Aloe 150 ml,Cuidado Personal,"5824,94"
252,Axe Musk Canela,Axe Bodyspray Musk Canela 150 ml,Cuidado Personal,"4772,76"
253,Dove Barra Orig.,Dove Antitransp. Original Barra 50 gr,Cuidado Personal,"6854,82"
254,Dove Beauty Wash,Dove Jabon Beauty Cream Wash 250 ml,Cuidado Personal,"6140,43"
255,Listerine Fresh,Listerine Fresh Burst 250 ml,Cuidado Personal,"6083,81"
256,Listerine Fluor,Listerine Total con Fluor 250ml,Cuidado Personal,"7382,03"
257,Espadol Cremoso,Espadol Jabón Cremoso 80 gr,Cuidado Personal,"2247,38"
258,Espadol Original,Espadol Jabón Original 80 gr,Cuidado Personal,"2337,35"
259,Gomina Clásica,Gel Gomina Clasica 500 Ml,Cuidado Personal,"6081,29"
260,Gomina Fuerte,Gel Gomina Fuerte 150 g,Cuidado Personal,"2826,29"
261,Venus Simply3,Gillette Máquina Venus Simply3 2 Unid,Cuidado Personal,"7715,31"
262,Prestobarba 3 Ice,Gillette Prestobarba 3 Ice 2 Unid,Cuidado Personal,"9140,69"
263,Dove Óleos Nutric.,Dove Máscara Fusión óleos 300g,Cuidado Personal,"9618,01"
264,Dove Reconstrucc.,Dove Máscara Reconstrucción 300g,Cuidado Personal,"9618,01"
265,Caladryl Incoloro,Crema Caladryl Incoloro x 70 g,Cuidado Personal,13850
266,Colgate Pro Cuidado,Colgate Cepillo Pro Cuidado Carbon x2,Cuidado Personal,6247
267,Rexona Odorono,Rexona Desodorante Crema Odorono 60gr,Cuidado Personal,"2872,94"
268,Gillette Foamy,Gillette Espuma Foamy Menthol 312gr,Cuidado Personal,"16380,01"
269,Nivea Men Deep,Nivea Espuma Afeitar Deep 200 ml,Cuidado Personal,"10325,83"
270,Evatest (1 Unidad),Evatest Test de Embarazo 1 Unidad,Cuidado Personal,8300
271,Dove Cuida/Prot.,Dove Jabon Antibacterial 90 gr,Cuidado Personal,"2597,75"
272,Rexona Original,Rexona Jabón Antibacterial 3 x 90gr,Cuidado Personal,"4599,19"
273,Prime Ultra Fino,Prime Preservativo Ultra Fino x 3,Cuidado Personal,"5650,74"
274,Prime Warming,Prime Preservativo Warming x 3,Cuidado Personal,"4442,43"
275,Natura Express,Solución Multipropósito Natura 355 ml,Cuidado Personal,"16050,01"
276,Corega Pro Orto,Corega Tabletas Limpiadoras Orto x 30,Cuidado Personal,"10505,8"
277,Algabo Talco Floral,Algabo Talco Floral Doy Pack 400 gr,Cuidado Personal,"2760,47"
278,Algabo Talco Pies,Algabo Talco Para Pies x 200 gr,Cuidado Personal,"2943,85"
279,Estrella Clásico,Algodón Estrella Clásico x 140gr,Cuidado Personal,"2623,73"
280,Estrella Premium,Algodón Estrella Premium x 150gr,Cuidado Personal,4075
281,Espadol Toallas,Espadol Toallas Antibacteriales x 50,Cuidado Personal,"11559,75"
282,Q Soft Hisopos,Hisopos Q Soft Flexibles x 100 unid,Cuidado Personal,"3492,86"
283,Geniol 1gr,ELEA Geniol 1gr x 8 comp,Botiquín,"2646,05"
284,Paracetamol 500mg,BAYER Paracetamol 500 Mg x 30 comp,Botiquín,7679
285,Bialcohol 250ml,PORTA Alcohol Etílico Bialcohol x 250ml,Botiquín,"1913,31"
286,Gel Frio Calor Chico,BODY CARE Gel Body Care Frio Calor Chico,Botiquín,"5945,58"
287,Pervinox Incoloro,PERVINOX Pervinox Incoloro Spray X 40 ml,Botiquín,"13134,86"
288,BI-Alcohol 1000ml,PORTA Porta BI-Alcohol Etilico 96% X 1000ml,Botiquín,"5491,58"
289,Uvasal Naranja Sobres,"UVASAL Uvasal Sabor Naranja, 15 Sobres 5 Gr.",Botiquín,14850
290,Hepatalgina Gotas,HEPATALGINA Hepatalgina Gotas X 120 ml,Botiquín,"15882,24"
291,Agua Oxigenada 10 Vol,IBC Agua Oxigenada IBC 10 Vol x 500 cm3,Botiquín,"1794,42"
292,Iodopvidona Antiséptico,IBC Antiséptico Iodopvidona IBC x 100cc,Botiquín,"3979,49"
293,Tela Adhesiva Transpore,3M Tela Adhesiva 250 cm x 9 m Transpore,Botiquín,"6672,65"
294,Actron 400mg,BAYER Actron 400mg x 10 caps blandas,Botiquín,3558
295,Actron Mujer Forte,BAYER Actron Mujer Rápida Acción Forte x 10 caps,Botiquín,3558
296,Bialcohol 70% 1 Ltr,PORTA Alcohol Etílico Bialcohol 70% x 1 ltr,Botiquín,"4531,84"
297,Algodón Clásico 75gr,ESTRELLA Algodón Clasico Estrella x 75 gr,Botiquín,"1018,89"
298,Curitas Transpiel,CURITAS Apósitos Adhesivos Curitas Transpiel x 40,Botiquín,"6581,92"
299,Cinta Macroporosa,Hipoalergénica Cinta Adhesiva Macroporosa,Botiquín,"5430,39"
300,Gasa Estéril Caja 5,SYRA Gasa Esteril Caja 5 160 Trozos - Syra,Botiquín,"4143,61"
301,Guantes de Latex,BREMEN Guantes de Latex Caja x 100 unid,Botiquín,7400
302,Guantes Nitrilo Negro,ELIT Guantes Nitrilo S/Polvo XG Negro X100,Botiquín,10900
303,Pervinox Anestésico,PERVINOX Pervinox Anestesico Spray X 40ml,Botiquín,"13604,42"
304,Uvasal Naranja 100gr,UVASAL Uvasal Sales Efervescentes Naranja X 100gr,Botiquín,7668
305,Aziatop Omeprazol,ELEA Aziatop Omeprazol 20mg x 28 comp,Botiquín,8400
306,Ena Sport Whey Protein Frutilla x 1 kg,"Ena Sport Whey Protein sabor Frutilla, Suplemento Proteico, 1kg.",Deporte y Fitness,36000
307,Ena Sport Whey Protein Vainilla x 1 kg,"Ena Sport Whey Protein sabor Vainilla, Suplemento Proteico, 1kg.",Deporte y Fitness,36000
308,Ena Sport Whey Protein Chocolate x 1 kg,"Ena Sport Whey Protein sabor Chocolate, Suplemento Proteico, 1kg.",Deporte y Fitness,36000
309,Ena Sport Creatina Micronizada x 300 gr,"Ena Sport Creatina Micronizada pura, Suplemento Dietario, 300gr.",Deporte y Fitness,39500
310,Ena Sport Amino 4500 x 150 Tabletas,"Ena Sport Amino 4500 aminoácidos de cadena completa, 150 tabletas.",Deporte y Fitness,24800
311,Ena Sport Hydroxy Max x 60 Capsulas,"Ena Sport Hydroxy Max quemador de grasa termogénico, 60 cápsulas.",Deporte y Fitness,21200
312,Ena Sport Barra Protein Bar Chocolate x 16 Unidades,"Ena Sport Barra Protein Bar sabor Chocolate, pack de 16 unidades.",Deporte y Fitness,28800
313,Ena Sport Barra Protein Bar Frutilla x 16 Unidades,"Ena Sport Barra Protein Bar sabor Frutilla, pack de 16 unidades.",Deporte y Fitness,28800
314,Ena Sport Thermo Fuel x 120 Capsulas,"Ena Sport Thermo Fuel quemador de grasas avanzado, 120 cápsulas.",Deporte y Fitness,31500
315,Ena Sport Whey Shake Vainilla x 500 gr,"Ena Sport Whey Shake proteína lista para mezclar sabor Vainilla, 500gr.",Deporte y Fitness,19200
316,Ena Sport Whey Shake Chocolate x 500 gr,"Ena Sport Whey Shake proteína lista para mezclar sabor Chocolate, 500gr.",Deporte y Fitness,19200
317,Ena Sport War Pre-Workout x 300 gr,"Ena Sport War suplemento pre-entrenamiento, fórmula extrema, 300gr.",Deporte y Fitness,25600
318,Nutremax Isotonico Frutas Del Bosque x 450 gr,"Nutremax Isotonico suplemento para hidratación sabor Frutas del Bosque, 450gr.",Deporte y Fitness,18900
319,Nutremax Recovery Chocolate x 1 kg,"Nutremax Recovery post-entrenamiento sabor Chocolate, recuperador muscular, 1kg.",Deporte y Fitness,28500
320,Nutremax Compleat Vainilla x 1 kg,"Nutremax Compleat reemplazo de comida o refuerzo sabor Vainilla, 1kg.",Deporte y Fitness,31200
321,Garden House Cla x 60 Capsulas Blandas,"Garden House Cla (Ácido Linoleico Conjugado) suplemento dietario, 60 cápsulas blandas.",Deporte y Fitness,15400
322,Garden House Magnesio Plus x 60 Comprimidos,"Garden House Magnesio Plus suplemento para fatiga muscular, 60 comprimidos.",Deporte y Fitness,12800
323,Star Nutrition Omega 3 x 60 Capsulas,"Star Nutrition Omega 3 aceite de pescado de alta pureza, 60 cápsulas.",Deporte y Fitness,22300
324,Star Nutrition Mutants Mass x 120 Comprimidos,"Star Nutrition Mutants Mass complejo de aminoácidos y fuerza, 120 comprimidos.",Deporte y Fitness,19900
325,Pulver Whey Protein Chocolate x 1 kg,"Pulver Whey Protein concentrado de suero sabor Chocolate, 1kg.",Deporte y Fitness,32400
326,Pulver Whey Protein Vainilla x 1 kg,"Pulver Whey Protein concentrado de suero sabor Vainilla, 1kg.",Deporte y Fitness,32400
327,Pulver Creatina Monohidrato x 250 gr,"Pulver Creatina Monohidrato pura, suplemento para fuerza y potencia, 250gr.",Deporte y Fitness,28900
328,Pulver Ganador de Masa (Gainer) x 60 Comprimidos,"Pulver Suplemento para ganancia de masa muscular, 60 comprimidos.",Deporte y Fitness,14200
329,Natubrown Magnesio x 30 Comprimidos,"Natubrown Magnesio suplemento dietario para función muscular, 30 comprimidos.",Deporte y Fitness,8500
330,Natubrown Vitamina C x 30 Comprimidos,"Natubrown Vitamina C suplemento antioxidante, 30 comprimidos.",Deporte y Fitness,7900
331,Yoga Mat Colchoneta 6 mm Espesor,Yoga Mat Colchoneta de alta densidad 6 mm para entrenamiento y yoga.,Deporte y Fitness,18500
332,Mancuerna de Fundición 2 kg (Unidad),Mancuerna de hierro fundido de 2 kg para entrenamiento de fuerza.,Deporte y Fitness,9200
333,Set de Bandas Elásticas (3 Intensidades),Set de 3 bandas circulares de látex con diferentes niveles de resistencia.,Deporte y Fitness,12400
334,Soga para Saltar con Rulemanes,Soga de salto técnica con rulemanes para alta velocidad.,Deporte y Fitness,7800
335,Star Nutrition Creatina Monohidrato x 300 gr,"Star Nutrition Creatina Monohidrato de máxima pureza, 300gr.",Deporte y Fitness,42000
336,Star Nutrition Whey Protein Vainilla x 1 kg,"Star Nutrition Whey Protein Premium sabor Vainilla, 1kg.",Deporte y Fitness,38500
337,Garden House Magnesio Plus x 60 Comprimidos,"Garden House Magnesio Plus, suplemento para el cansancio muscular, 60 comprimidos.",Deporte y Fitness,12800
338,Garden House Cla x 60 Capsulas Blandas,"Garden House Cla (Ácido Linoleico Conjugado) para control de peso, 60 cápsulas.",Deporte y Fitness,15400
339,Garden House Gente Bien Relax x 30 Comprimidos,"Garden House Gente Bien Relax, suplemento para el descanso y estrés, 30 comprimidos.",Deporte y Fitness,9600
340,Garden House Lecitina de Soja x 60 Capsulas,"Garden House Lecitina de Soja 1200 mg, suplemento dietario, 60 cápsulas.",Deporte y Fitness,11200
341,Star Nutrition Whey Protein Chocolate x 1 kg,"Star Nutrition Whey Protein Premium sabor Chocolate, 1kg.",Deporte y Fitness,38500
342,Satial Carb Controller x 50 gr,"Satial Carb Controller, suplemento en polvo para control de hidratos, 50gr.",Deporte y Fitness,28150
343,Satial Total x 60 Comprimidos,"Satial Total suplemento dietario para control de peso, 60 comprimidos.",Deporte y Fitness,32400
344,Vistony Whey Protein Vainilla x 1 kg,"Vistony Whey Protein concentrado de suero sabor Vainilla, 1kg.",Deporte y Fitness,29800
345,Vistony Whey Protein Chocolate x 1 kg,"Vistony Whey Protein concentrado de suero sabor Chocolate, 1kg.",Deporte y Fitness,29800
346,Vistony Creatina Monohidrato x 250 gr,"Vistony Creatina Monohidrato pura para potencia muscular, 250gr.",Deporte y Fitness,26500
347,Huggies Flexi Comfort M,HUGGIES Pañales Flexi Comfort Maxi M,Maternidad,"20547,46"
348,Huggies Protec Plus,HUGGIES Pañales Protec Plus x 8 Unidades,Maternidad,"6500,01"
349,Pampers Baby Dry XG,PAMPERS Pañales Baby Dry Hipol. XG 18u,Maternidad,"21829,53"
350,Babysec Premium 45u,BABYSEC Toallas Húmedas Premium 45u,Maternidad,"8078,33"
351,Babysec Ultra Fresh,BABYSEC Toallas Humedas Fresh 150u,Maternidad,12000
352,Vital Etapa 4 Brick,VITAL Fórmula Infantil Etapa 4 x 200 ml,Maternidad,"1995,84"
353,Huggies Classic G,HUGGIES Pañales Classic G (8 Unidades),Maternidad,4300
354,Babysec Ultra Soft G,BABYSEC Pañales Ultra Soft G x 8Un,Maternidad,"5147,12"
355,Babysec Ultra Soft G,BABYSEC Pañales Ultra Soft G 40u,Maternidad,"22516,22"
356,Babysec Ultra Soft P,BABYSEC Pañales Ultrasoft P 50u,Maternidad,"22516,22"
357,Pediasure Chocolate,PEDIASURE Chocolate Lata x 400 g,Maternidad,"54716,22"
358,Nutrilon 3 Pouch,NUTRICIA BAGÓ Nutrilon 3 Pouch x 1.2 kg,Maternidad,59547
359,Vital 3 Lata,VITAL Leche Polvo Vital 3 Lata x 800 g,Maternidad,34715
360,Johnsons Manzanilla,JOHNSONS Acond. Baby Manzanilla 200 ml,Maternidad,"6895,87"
361,Baby Dove Humectación,DOVE Jabón Baby Dove Humectación 75g,Maternidad,"2363,5"
362,Palmolive Kids Líquido,PALMOLIVE Jabón Líquido Kids 220 ml,Maternidad,"5144,02"
363,Vaso Nuk Mini-Me,NUK Vaso Nuk Mini-Me +9 M,Maternidad,"27206,49"
364,Aspirador Nasal Chicco,CHICCO Aspirador Chicco Physioclean,Maternidad,13199
365,Aveno Acond. Infantil,AVENO Aveno Acondicionador Infantil 250 ml,Maternidad,"26256,34"
366,Chicco Physio Comfort,CHICCO Chupete Physio Silicona Boy 6-16m,Maternidad,10099
367,Chicco Nocturno Lumi,CHICCO Chupete Nocturno Light 16-36 M,Maternidad,"16947,89"
368,Colonia Johnsons Fresca,JOHNSONS Colonia Baby Fresca x 100 ml,Maternidad,"5325,24"
369,Esterilizador San Up,SAN UP Esterilizador Mamadera XB-8603,Maternidad,"81756,68"
370,Johnsons Aceite Puro,JOHNSONS Johnsons Baby Aceite Puro 100 ml,Maternidad,"7033,47"
371,Baby Dove Acond.,DOVE Acondicionador Humectación 200ml,Maternidad,"6956,12"
372,Sacaleche Manual,ASPEN Aspen Sacaleche Manual Sl-Manual,Maternidad,67199
373,Nopucid Ultradim,NOPUCID Loción Nopucid Ultradim x 65ml,Maternidad,17600
374,Nopucid Tribit Ahorro,NOPUCID Locion Tribit Ahorro x 120 ml,Maternidad,"19038,43"
375,Mamadera Chicco Nat.,CHICCO Mamadera Natural Feeling 150 ml,Maternidad,25999
376,Baby Dove Shampoo,DOVE Shampoo Baby Cabello Claro x 200 ml,Maternidad,"6956,12"
377,Mamadera Avent Nat.,AVENT Mamadera Avent Natural x 330 ml,Maternidad,41599
378,Nopucid Repelente,NOPUCID Loción Repelente Piojos x 145 ml,Maternidad,19900
379,Aveno Kit Básico,AVENO Aveno Kit Básico (Sh+Ac+Gel),Maternidad,"77804,57"
380,Avent Ultra Air Deco,AVENT Chupete Ultra Air 6-18m x 2,Maternidad,23399
381,Avent Ultra Soft Deco,AVENT Chupete Ultra Soft 0-6m Rosa/Bco,Maternidad,"26399,01"
382,Avent Pezoneras,AVENT Pezoneras Mariposa Scf153/01 x2,Maternidad,"26999,01"
383,Avent Sacaleche Elec.,AVENT Avent Sacaleche Electrico Esencial,Maternidad,"199998,99"
384,Avent Vaso Boquilla,AVENT Vaso Easy Sip Cup 200 ml,Maternidad,"24299,01"
385,Avent Vaso Sorbete,AVENT Vaso Straw Cup 300 ml Scf798/02,Maternidad,35599
386,Avent Vasos Almacen.,AVENT Vasos Almacenar Leche (10 Unid),Maternidad,51099
387,Chicco Cepillo y Peine,CHICCO Cepillo y Peine Cerda Natural,Maternidad,18699
388,Chicco Aspirador,CHICCO Chicco Aspirador Physioclean,Maternidad,19799
389,Chicco Bolsas Leche,CHICCO Bolsas Almacenamiento Leche x30u,Maternidad,32399
390,Chicco Clips Cadena,CHICCO Chicco Clips Con Cadena Celeste,Maternidad,7490
391,Chicco Cubiertos,CHICCO Cubiertos Para Bebes + 12 meses,Maternidad,14499
392,Chicco Mamadera Perf5,CHICCO Mamadera Perfect 5 150 ml Rosa,Maternidad,"27559,01"
393,Chicco Set Platos,CHICCO Chicco Set de Platos Unisex 12M+,Maternidad,33999
394,Chicco Set Manicura,CHICCO Set Manicura Tijera Alicate Panda,Maternidad,"32990,01"
395,Chicco Tijera Girl,CHICCO Chicco Tijera Protector Girl,Maternidad,11799
396,Chicco Tijerita RN,CHICCO Tijerita Uñas Recien Nacido,Maternidad,11890
397,Avent Esterilizador,AVENT Esterilizador Microondas Avent,Maternidad,79999
398,Aveno Gel de Baño,AVENO Gel de Baño Infantil x 250 gr,Maternidad,"25291,89"
399,Chicco Mordillo,CHICCO Mordillo Fresh Cactus 4 meses,Maternidad,"18570,76"
400,Grinnibe Sandía,GRINNIBE Pañal Ecológico Perro Sandia,Maternidad,"23380,01"
401,Grinnibe RN,GRINNIBE Pañal Ecológico RN a 4 Meses,Maternidad,"23380,01"
402,Johnsons Cabello Claro,JOHNSONS Acond. Baby Cabello Claro 400ml,Maternidad,"12759,46"
403,Johnsons Gotas Brillo,JOHNSONS Acond. Baby Gotas de Brillo 200ml,Maternidad,"7127,34"
404,Estrella Baby Precort.,ESTRELLA Algodon Baby Precortado x 100 gr,Maternidad,"1999,36"
405,Botella Straw Shark,BABELITO Botella Baby Shark x 500 ml,Maternidad,"5890,5"
406,Botella Straw Minnie,BABELITO Botella Minnie x 500 ml,Maternidad,"6872,25"
407,Botella Granja Zenon,BABELITO Botella Granja de Zenón x 500 ml,Maternidad,"6872,25"
408,Botella Straw Toy,BABELITO Botella Toy Story x 500 ml,Maternidad,"5890,5"
409,Cereal Nestum Banana,NESTLÉ Cereal Nestum Con Banana x 225 gr,Maternidad,"6217,8"
410,Enjuague Upa Lala,UPA LALA Crema De Enjuague x 200 Cm,Maternidad,"3595,26"
411,Jabonera Paw Patrol,BABELITO Jabonera Infantil Paw Patrol,Maternidad,"2258,02"
412,Jabonera Infantil,BABELITO Jabonera Infantil,Maternidad,"1963,5"
413,Set Cubiertos Bamboo,BABELITO Set Bamboo Fisher Price Selva,Maternidad,9163
414,Set Cubiertos Minnie,BABELITO Set Cubiertos Plástico Minnie,Maternidad,"6872,25"
415,Set Almohadita Post.,OSS Y CO Set Nacimiento Almohadita,Maternidad,"28000,01"
416,Set Regalo Upa Lala,UPA LALA Set Regalo (Col+Jab+Sh+Tal+Esc),Maternidad,"20879,45"
417,Citrato De Magnesio,NATULIV Citrato De Magnesio Natuliv X 30 Caps,Suplementos,13000
418,Betacaroteno,NATULIV Suplemento Betacaroteno x 30 Caps,Suplementos,8990
419,Spirulina,NATULIV Ena Spirulina Natuliv (60 Comprimidos),Suplementos,12500
420,Curcuma + Jengibre,NATULIV Natuliv Curcuma + Jengibre (30 Capsulas),Suplementos,10000
421,Arándanos,NATULIV Suplemento Dietario Arándanos (60 Cáps),Suplementos,15000
422,Magnesio 400,NATULIV MAGNESIO 400 NATULIV comp.x 30,Suplementos,7850
423,Cafe Verde,NATULIV Suplemento Dietario Cafe Verde (60 Cáps),Suplementos,12750
424,Citrato de Magnesio Polvo,NATULIV Citrato Magnesio Polvo Limonada x 105 Gr,Suplementos,14000
425,Vaso Streeterville Contigo Reef,"Vaso térmico con sorbete, color Reef, 1.18 L.",Hogar y alimentos ,"28730,68"
426,Vaso Streeterville Contigo Salt,"Vaso térmico con sorbete, color Salt, 1.18 L.",Hogar y alimentos ,"28730,68"
427,Ala Jabón líquido para diluir,"Jabón líquido matic para diluir, rinde 3L, 500 ml.",Hogar y alimentos ,"5671,79"
428,Vaso Contigo Byron Blueberry,"Vaso térmico Byron 2.0, color Blueberry, 710 ml.",Hogar y alimentos ,"26321,17"
429,Vaso Contigo Byron Pineberry,"Vaso térmico Byron 2.0, color Pineberry, 710 ml.",Hogar y alimentos ,"26321,17"
430,Repelente OFF Extra Duración,"Repelente en spray, larga duración, 202 ml.",Hogar y alimentos ,6799
431,Repelente OFF! Family Spray,"Repelente contra mosquitos en spray, 170 ml.",Hogar y alimentos ,"4689,37"
432,Botella Contigo Jackson 2.0,"Botella de agua, color Blueberry, 710 ml.",Hogar y alimentos ,"15882,69"
433,Botella Contigo Rustic Gold,"Botella de acero, diseño Rustic Gold, 591 ml.",Hogar y alimentos ,"28588,84"
434,Botella Contigo Ss With Monaco,"Botella de acero, detalle Monaco, 591 ml.",Hogar y alimentos ,"28588,84"
435,Botella Infantil Contigo Aubrey,"Botella niños, Blueberry Green Azul, anti-derrame.",Hogar y alimentos ,"23343,68"
436,Botella Infantil Contigo Aubrey,"Botella niños, Eggplant Violeta, anti-derrame.",Hogar y alimentos ,"23343,32"
437,Contigo Streeterville Desk Mug,"Taza térmica con asa, color Pineberry.",Hogar y alimentos ,"30983,16"
438,Contigo Streeterville Desk Mug,"Taza térmica con asa, color Salt.",Hogar y alimentos ,"30983,16"
439,Contigo x Ally Love Streeterville,"Edición especial, diseño Stellar Jay, 2.0.",Hogar y alimentos ,"33103,62"
440,Contigo x Ally Love West Loop,"Edición especial, Stainless Steel, 3.0.",Hogar y alimentos ,"42189,49"
441,Repelente Mosquitos IBC,"Repelente en spray, envase transparente, 200 cc.",Hogar y alimentos ,"2299,01"
442,Skip Jabón Líquido Concentrado,"Jabón para diluir, tecnología Fiber Care, rinde 3L.",Hogar y alimentos ,"8872,84"
443,Vaso Contigo Byron 2.0 Vervain,"Vaso térmico, color Vervain, 473 ml.",Hogar y alimentos ,"28278,93"
444,Vaso Contigo Byron Blueberry,"Vaso térmico, color Blueberry, 591 ml.",Hogar y alimentos ,"28278,95"
445,Harina De Maní Snackwell,"Proteica desgrasada PBslim, alimento saludable.",Hogar y alimentos ,"6251,71"
446,Bolsa De Agua Caliente Mapa,"Con funda color Azul, capacidad 2 Lts.",Hogar y alimentos ,"16500,01"
447,Bolsa De Agua Caliente Mapa,"Con funda color Rosa, capacidad 2 Lts.",Hogar y alimentos ,"16500,01"
448,Pilas Duracell AA x 2,"Pack de 2 unidades, larga duración.",Hogar y alimentos ,"3487,56"
449,Pilas Duracell AAA x 2,"Pack de 2 unidades, larga duración.",Hogar y alimentos ,"2647,79"
450,Balanza De Cocina Aspen Silver,"Balanza digital de precisión, modelo BC-220, color Silver.",Hogar y alimentos ,"33599,2"
451,Duracell Pila Chica Doble Aa,"Pack de 4 unidades, larga duración.",Hogar y alimentos ,"6596,8"
452,Repelente Mosquitos Stop Vais,"Aerosol Extra Duración, protección reforzada.",Hogar y alimentos,"4060,58"
453,Repelente Mosquitos Stop Vais,"Spray repelente de mosquitos, envase de 200 ml.",Hogar y alimentos,"3773,94"
454,Salsa Dulce Maple-Free 100% Natural,"Sabor Maple, 0% calorías, envase de 250 gr.",Hogar y alimentos,"10020,01"
455,Salsa Dulce Mrs Taste Chocolate,"Bajo en calorías, sabor Chocolate, 335 gr.",Hogar y alimentos,"8664,01"
456,Salsa Dulce Mrs Taste NO-BEE,"100% Natural sabor Miel, sin azúcar, 335 gr.",Hogar y alimentos,"10020,01"
457,Salsa Dulce Mrs Taste Blueberry,"Zero Calorías, sabor Arándanos, 335 gr.",Hogar y alimentos,"8664,01"
458,Pocillo Stanley x 65 Ml Negro,"Pocillo de acero inoxidable, color Negro.",Hogar y alimentos,35700
459,Stevia En Polvo Kony,"Edulcorante natural en polvo, caja de 100 sobres.",Hogar y alimentos,"4546,29"
460,Taza Stanley Camp Mug,"Edición Especial, taza térmica con tapa.",Hogar y alimentos,62900
461,Taza Stanley NightFall,"Edición Especial, diseño constelaciones",Hogar y alimentos,69700
462,Taza Stanley The Daybreak con Plato,"Taza de cerámica/acero con plato, 192 ml, Blanco.",Hogar y alimentos,76500
463,Taza Stanley The Daybreak x 313 Ml,"Taza térmica con asa, color Negro, 313 ml.",Hogar y alimentos,"82450,02"
464,Auriculares con Micrófono Dekkin,Auriculares in-ear con micrófono integrado.,Hogar y alimentos,"8669,62"
465,Bolsa Agua Caliente Bremen,"Con funda de lana diseño clásico, rinde calor.",Hogar y alimentos,"10703,81"
466,Cable Micro USB Dekkin,"Para carga y sincronización, 1 unidad.",Hogar y alimentos,"4806,59"
467,Cargador De Auto Dekkin,"Cargador para vehículo, 1 unidad.",Hogar y alimentos,"6396,17"
468,Aerosol Desinfectante Cif,"Para ambientes y superficies, fragancia Floral.",Hogar y alimentos,"4340,69"
469,Aerosol Mata Moscas Y Mosquitos Raid,"Sin Olor, protección efectiva, 380 cm³.",Hogar y alimentos,"10552,6"
470,Aerosol Mata Moscas Y Mosquitos Raid,"Aerosol estándar, 380 ml.",Hogar y alimentos,"9049,7"
471,Ala Jabón líquido para diluir,"Jabón líquido para lavar, 500 ml rinde 3L.",Hogar y alimentos,"11343,58"
472,Aparato Para Tabletas Raid,Incluye aparato eléctrico + 4 tabletas de repuesto.,Hogar y alimentos,"12715,88"
473,Arándanos Rojos Deshidratados,"Marca Cumaná, 150 gr.",Hogar y alimentos,3200
474,Aromatizante en Aerosol Saphirus,"Fragancia Bebé, 185g.",Hogar y alimentos,"6161,79"
475,Aromatizante en Aerosol Saphirus,"Fragancia Coco y Vainilla, 185g.",Hogar y alimentos,"6161,79"
476,Aromatizante en Aerosol Saphirus,"Fragancia Flores Blancas, 185g.",Hogar y alimentos,"6161,79"
477,Aromatizante en Aerosol Saphirus,"Fragancia Flowers, 185g.",Hogar y alimentos,"6161,79"
478,Aromatizante en Aerosol Saphirus,"Fragancia Hawaii, 185g.",Hogar y alimentos,"6161,79"
479,Aromatizante en Aerosol Saphirus,"Fragancia Invicto, 185g.",Hogar y alimentos,"6161,79"
480,Sombra Brilliant Eyes,LOREAL Sombra Liquida 2.9 ml Amethyst Quartz,Maquillaje,"27810,09"
481,Sombra Brilliant Eyes,LOREAL Sombra Liquida 2.9 ml Bronze Light,Maquillaje,"27810,09"
482,Esmalte Colorama Fini,MAYBELLINE Esmalte Fini Me Encanta!,Maquillaje,"5234,68"
483,Esmalte Colorama Fini,MAYBELLINE Esmalte Fini Soleado,Maquillaje,"5234,68"
484,Polvo Infaillible,LOREAL Polvo Fresh Wear 180 Rose Sand,Maquillaje,"54374,23"
485,Base en Polvo Resist,VOGUE Vogue Base en Polvo Resist,Maquillaje,"18930,43"
486,Base Fit Me Matte,MAYBELLINE Base Matte Poreless 112,Maquillaje,"26605,64"
487,Base Fit Me Matte,MAYBELLINE Base Matte Poreless 125,Maquillaje,"40575,65"
488,Lifter Gloss Ice,"MAYBELLINE Lifter Gloss 5,4 ml Color 002 Ice",Maquillaje,"35643,57"
489,Lifter Gloss Crystal,MAYBELLINE Lifter Gloss Tono Crystal,Maquillaje,"35643,57"
490,Lifter Plump Red Flag,MAYBELLINE Lifter Plump 5.4 ml Red Flag,Maquillaje,"35090,97"
491,Stick To The Gloss,CHER Stick To The Gloss Color Rosy Brown,Maquillaje,"22630,45"
492,Lash Sensational Firework,MAYBELLINE Mascara Firework Washable,Maquillaje,"41607,2"
493,Sky High Very Black,MAYBELLINE Mascara Sky High Very Black,Maquillaje,"43866,45"
494,Tattoo Liner Play,MAYBELLINE Delineador Play Switch,Maquillaje,"26729,9"
495,Tattoo Play Color,MAYBELLINE Delineador Play Color Drop,Maquillaje,"26729,9"
496,Lumi Glotion,LOREAL Iluminador Lumi Glotion 901 Fair,Maquillaje,"47793,92"
497,Infaillible Full Wear,LOREAL Corrector Full Wear 326 vainilla,Maquillaje,"42975,65"
498,Volume Panorama,LOREAL Volume Panorama Black Waterproof,Maquillaje,"56159,96"
499,Colossal Volum Express,MAYBELLINE Mascara Colossal Black,Maquillaje,"31800,16"
500,Tattoo Liner 48Hs,MAYBELLINE Delineador Tattoo Liquid 48Hs,Maquillaje,"28624,04"
501,Paleta Music Collection,MAYBELLINE Paleta Sombras Reggaeton,Maquillaje,"29100,85"
502,Base Uñas Endurecedora,VOGUE Base Endurecedora Fantastic 10 ml,Maquillaje,"5912,48"
503,Exaggerate Eye Liner,RIMMEL Exaggerate Liquido Liner Black,Maquillaje,"24779,21"
504,Diamond Gel Top Coat,"RISQUÉ Diamond Gel Top Coat Fixador 9,5 ml",Maquillaje,"6486,43"
505,Esmalte Rose Bombon,RISQUÉ Risque Esmalte 230 Rose Bombon,Maquillaje,"4159,89"
506,Plump Ambition Clear,LOREAL Plump Ambition 5 ml Cristal Clear,Maquillaje,"43013,35"
507,True Match Radiant,LOREAL Corrector True Match 5D True,Maquillaje,"43013,35"
508,Insta Dri Fast Mauver,SALLY HANSEN Insta Dri 218 Fast Mauver,Maquillaje,"7735,16"
509,Insta Dri Powerslide,SALLY HANSEN Insta-Dri 565 Powerslide,Maquillaje,"7300,01"
510,Unbelieva Brow,LOREAL Gel Cejas 103 Warm Blonde,Maquillaje,"30574,68"
511,Lasting Mega Matte,RIMMEL Labial Carnival Red,Maquillaje,"27099,48"
512,Base True Match,LOREAL Base True Match Sable Rose,Maquillaje,"56159,96"
513,Seca Esmalte Rápido,SALLY HANSEN Seca Esmalte Drops 30 Seg,Maquillaje,"16288,76"
514,Tinta Cejas Resist,VOGUE Tinta Cejas Resist Camel 4 ml,Maquillaje,"13359,39"
515,Base Mate Natural,VOGUE Base Mate Natural Canela,Maquillaje,23053
516,Corrector Liquido,VOGUE Corrector Liquido 5 ml Petalo,Maquillaje,"13916,48"
517,Efecto Gel Amar,VOGUE Esmalte Efecto Gel Amar,Maquillaje,"8345,44"
518,Efecto Gel Felicidad,VOGUE Esmalte Efecto Gel Felicidad,Maquillaje,"8345,44"
519,Efecto Gel Paz,VOGUE Esmalte Efecto Gel 14 ml Paz,Maquillaje,"8216,05"
520,Esmalte Autentica,VOGUE Esmalte Fantastic Autentica 10 ml,Maquillaje,"6005,6"
521,Esmalte Fantastic Sand,VOGUE Esmalte Fantastic Sand,Maquillaje,"5912,48"
522,Colorissimo Lychee,VOGUE Labial Barra Lychee Fresco,Maquillaje,"8654,83"
523,Labial Resist,VOGUE Labial Líquido Resist Invenvible,Maquillaje,"18930,43"
524,Curvas Perfectas,VOGUE Mascara Curvas Perfectas Washable,Maquillaje,"20044,63"
525,Al Infinitto Negro,VOGUE Mascara Al Infinitto Negro Intenso,Maquillaje,"21158,87"
526,Lifter Glaze Pink,"MAYBELLINE Bálsamo 2,8 g 002 Pink Drip",Maquillaje,"28514,86"
527,Lifter Glaze Latte,"MAYBELLINE Bálsamo 2,8 g 009 Latte Crush",Maquillaje,"28514,86"
528,Fit Me Fresh Tint 1,MAYBELLINE Fresh Tint Spf 50 Tono 1,Maquillaje,"35532,18"
529,Fit Me Fresh Tint 6,MAYBELLINE Fresh Tint Spf 50 Tono 6,Maquillaje,"35532,18"
530,Delineador Labios,MAYBELLINE Delineador Lifter Fine Line,Maquillaje,"20172,63"
531,Gloss Vinyl Effect,DOROTHY GRAY Gloss Vinyl Transparente,Maquillaje,"13247,99"
532,Shimmer Spray,SERENDIPITY Shimmer Spray Dorado,Maquillaje,"21999,99"
533,Teddy Tint Petalcore,MAYBELLINE Teddy Tint 5 ml 40 petalcore,Maquillaje,"36088,06"
534,Quita Esmalte Algabo,ALGABO Quita Esmalte Fortalecedor 100 ml,Maquillaje,"1864,45"
535,Quita Esmalte Algabo,ALGABO Quita Esmalte Humectante 50 ml,Maquillaje,"1344,36"
536,Quita Esmalte Cutex,CUTEX Quita Esmalte Hipoalergenico 100 ml,Maquillaje,"3178,22"
537,Quita Esmalte Cutex,CUTEX Quitaesmalte Vit E + Calcio 50 ml,Maquillaje,"2427,4"
538,Double Duty Base,SALLY HANSEN Double Duty Base & Top Coat,Maquillaje,"12725,6"
539,Esmalte Disney Stitch,JACTANS Esmalte Stitch Azul Claro 10ml,Maquillaje,"2310,57"
540,Esponja Beauty Blender,MOBILE ACC Esponja Frutas x 4 unid,Maquillaje,"16320,01"
541,Esponja Facial,JESSAMY Esponja Celulosa Grande,Maquillaje,"1739,99"
542,Glitters Pallet,THELMA & LOUISE Pallet 4 Tonos,Maquillaje,"5564,1"
543,Lima Diamantada,JESSAMY Lima Diamantada N° 6,Maquillaje,1216
544,Set Sweet Beauty,MOBILE ACC Set Sweet Beauty Doble x 4,Maquillaje,19380
545,New Color Esmalte,NEW COLOR Esmalte Uñas N° 6.10,Maquillaje,"2499,01"
546,New Color Esmalte,NEW COLOR Esmalte Uñas N° 6.30,Maquillaje,"2499,01"
547,Vitalgen Pelo y Uñas,ENA Vitalgen Pelo y Uñas x 30 comp,Colágeno,22400
548,Colageno Enaccion Move,ENA Colageno Enaccion Ena Move x 30 comp,Colágeno,20000
549,Colageno Enaccion Naranja,ENA Colageno Enaccion Sabor Naranja x 240 gr,Colágeno,26750
550,Colageno Enaccion Complex,ENA Colageno Complex Sabor Limónada x 270 gr,Colágeno,29850
551,Geneo Licopeno,NATUFARMA Colágeno Geneo Licopeno x 250 gr,Colágeno,26466
552,Vitalgen Sobres,ENA Vitalgen Sabor Limonada 12 gr x 15 sobres,Colágeno,27750
553,Agial Colageno Tipo II,NATUFARMA Agial Colageno Tipo ll Polvo X 300 Gr,Colágeno,28774
554,Lappiel Collagen Beauty,LAPPIEL Collagen Beauty Naranja x 30 Sobres,Colágeno,"50880,49"
555,Infiltrex Hidrolizado,INFILTREX Colageno Infiltrex Hidrolizado x 300gr,Colágeno,38750
556,Curflex Plus Tipo II,CURFLEX Colageno Tipo II Curflex Plus x 30 comp,Colágeno,"28721,16"
557,Infiltrex Comprimidos,INFILTREX Colágeno Infiltrex x 30 comprimidos,Colágeno,22750
558,Aerocamara Adulto,AERO100 Aerocamara Aero100 Adulto,Electro,"7350,74"
559,Aerocamara Pediatrica,AERO100 Aerocamara Aero100 Pediátrica,Electro,"7350,74"
560,Balanza Digital Omron,OMRON Balanza Inteligente HBF 226,Electro,"166980,8"
561,Nebulizador Mesh,SILFAB Nebulizador Mini Mesh 10 nm,Electro,"111186,05"
562,Balanza Bamboo,SILFAB Balanza Electrónica Bamboo 180kg,Electro,69580
563,Aerocamara Lactante,OMRON Aerocamara Icare Doble Valvula AC 402,Electro,"30601,94"
564,Aerocamara Infantil,OMRON Aerocamara Icare Doble Valvula AC 403,Electro,"30601,94"
565,Balanza Multifunción,ICARE Balanza Digital FG2317WB BT,Electro,"43375,5"
566,Almohadilla Termica,CORONET Almohadilla Termica Hp 17301,Electro,"84889,49"
567,Kit Enfermería,CORONET Kit Completo De Enfermería,Electro,"146271,53"
568,Nebulizador Mesh,PHILCO Nebulizador Ultrasonico Portatil,Electro,129999
569,Oxímetro de Pulso,ICARE Oxímetro de Pulso Icare 501,Electro,"54081,71"
570,Secador Atma,ATMASecador De Pelo Atma Classic 2500,Electro,49999
571,Tensiómetro Digital,ICARE Tensiómetro Automático HL858A2-L,Electro,"76703,24"
572,Tensiómetro Muñeca,OMRON Tensiómetro Digital Muñeca 6161 E,Electro,"86737,41"
573,Almohadilla Cervical,SILFAB Almohadilla Eléctrica Cervical 82 al,Electro,55710
574,Termometro Digital,SILFAB Citizen Termometro Digital 301C,Electro,7060
575,Secador Gama,GA.MA Secador Bloom Ceramic Ion,Electro,"116959,99"
576,Tensiometro Aneroide,SILFAB Tensiometro Aneroide Standard 1300,Electro,29990
577,Tensiometro Rojo,CORONET Tensiometro Aneroide c/ Estetoscopio,Electro,"32986,03"
578,Termómetro Galio,EXATHERM Termómetro Clínico Galio (s/Mercurio),Electro,"10187,24"
579,Termómetro Digital,EXATHERM Termómetro Digital Dt-K11b,Electro,"7242,1"
580,Nebulizador Pistón,ASPEN Nebulizador Compresor Nbb02-A-50,Electro,"80330,58"
581,Corta Pelo Allure,ALLURE Máquina Profesional Titanium HC8050,Electro,"46170,14"
582,Oneblade Face+Body,PHILIPS Philips Oneblade (Qp2824/10),Electro,"110932,79"
583,Termómetro IR,ASPEN Termómetro Infrarrojo TS8 4 en 1,Electro,"42798,99"
584,Planchita Pelo,BELLISSIMA Plancha Ceramic Long Plates,Electro,75199
585,Tensiometro Aneroide,FEMMTO Kit Aneroide c/ Estetoscopio BK2000,Electro,"42274,33"
586,Termometro Infrarojo,BBLOVE Termometro Clinico Infrarojo,Electro,"95895,1"
587,Termómetro Frente,EXATHERM Termómetro Contacto Cristal Líquido,Electro,"7667,35"
588,Tiras Guide,ACCU CHEK Tiras Reactivas Guide x 25 unid,Electro,73521
589,Tiras Performa,ACCU CHEK Tiras Reactivas Performa x 50 unid,Electro,132252
590,Almohadilla Térmica,SILFAB Almohadilla Cuore Fem,Electro,"63099,99"
591,Oxímetro Adulto,CORONET Oximetro de Pulso Adulto Pc-60F,Electro,"61269,29"
592,Oxímetro Pediatrico,CORONET Oximetro de Pulso Pediatrico Pc-60D2,Electro,"79371,49"
593,Bucleadora Titanium,DUGA Bucleadora Titanium 25mm 60w,Electro,66060
594,Cepillo Kit Ionic,DUGA Ionic Dryer Brush Kit x 6 Cabezales,Electro,252000
595,Rodillo Masajeador,DUGA Set Rodillo Facial + Gua Sha D541,Electro,57216
596,Elevainodoro,SILFAB Elevainodoro Altura Regulable Aluminio,Electro,113140
597,Oneblade Pro,PHILIPS Philips Oneblade Pro Qp6532/10,Electro,141397